IPAddress,Country
76.83.179.64,United States
187.42.62.209,Brazil
89.142.219.5,Slovenia
200.222.107.161,Brazil
211.106.194.199,"Korea, Republic of"
15.192.66.38,United States
108.202.236.95,United States
219.81.85.111,"Taiwan, Province of China"
81.243.172.155,Belgium
209.177.84.224,Hong Kong
189.138.113.129,Mexico
89.138.16.191,Israel
188.14.87.218,Italy
71.189.201.134,United States
185.156.223.91,Switzerland
37.85.134.148,Germany
68.71.198.134,United States
220.93.194.213,"Korea, Republic of"
15.179.198.200,United States
111.34.74.119,China
164.52.224.35,United States
75.42.179.151,United States
100.45.36.79,United States
196.64.229.35,Morocco
99.11.55.84,United States
50.164.131.70,United States
79.65.212.71,United Kingdom
183.63.194.56,China
15.180.84.108,United States
208.136.104.128,United States
24.48.170.172,United States
93.203.254.5,Germany
91.114.229.115,Austria
140.6.43.190,United States
179.239.20.85,Brazil
120.139.158.107,Malaysia
95.185.196.97,Saudi Arabia
69.37.221.98,United States
94.177.103.198,Switzerland
183.108.152.20,"Korea, Republic of"
73.64.220.128,United States
176.35.199.179,United Kingdom
185.171.67.119,United States
86.196.80.213,France
78.137.63.130,Ukraine
45.119.246.94,India
98.137.163.244,United States
179.67.89.70,Brazil
106.192.241.180,India
208.67.10.45,United States
2.203.169.224,Germany
207.66.44.78,United States
118.99.226.209,"Taiwan, Province of China"
189.98.240.210,Brazil
92.50.222.135,Russian Federation
79.18.158.193,Italy
89.123.98.79,Romania
77.118.105.68,Austria
46.252.119.208,Russian Federation
75.97.220.241,United States
75.22.35.142,United States
81.190.233.120,Poland
5.20.23.189,Lithuania
182.72.135.136,India
93.225.187.254,Germany
122.156.185.121,China
42.53.23.130,China
12.110.253.41,United States
65.40.172.181,United States
12.103.178.67,United States
210.203.233.38,Japan
99.197.88.65,United States
188.154.180.119,Switzerland
114.34.246.193,"Taiwan, Province of China"
45.64.79.118,Thailand
2.116.169.97,Italy
92.22.70.119,United Kingdom
67.185.88.24,United States
189.30.49.163,Brazil
105.157.175.45,Morocco
109.179.232.60,Norway
208.246.130.11,United States
31.181.61.114,Russian Federation
5.107.171.36,United Arab Emirates
113.181.226.41,Viet Nam
41.250.16.74,Morocco
73.179.86.185,United States
51.9.228.59,United Kingdom
60.92.9.46,Japan
116.80.124.156,Japan
24.166.207.95,United States
132.234.111.63,Australia
179.45.181.85,"Venezuela, Bolivarian Republic of"
85.185.96.25,"Iran, Islamic Republic of"
175.199.253.143,"Korea, Republic of"
24.33.147.50,United States
119.69.151.87,"Korea, Republic of"
73.203.67.23,United States
64.157.154.99,United States
76.70.133.28,Canada
123.93.7.56,China
90.205.149.232,United Kingdom
139.172.198.249,United States
212.101.10.119,Switzerland
108.60.102.243,United States
72.66.198.225,United States
179.192.120.18,Brazil
108.239.161.224,United States
50.176.11.216,United States
71.95.121.217,United States
46.200.122.78,Ukraine
42.224.46.13,China
151.65.247.109,Italy
179.80.32.5,Brazil
93.226.228.28,Germany
59.13.138.128,"Korea, Republic of"
193.49.124.207,France
222.252.169.23,Viet Nam
5.50.112.142,France
109.143.167.200,Belgium
187.227.198.247,Mexico
108.11.250.6,United States
71.236.253.86,United States
97.87.131.138,United States
76.220.19.255,United States
217.86.162.123,Germany
174.101.105.11,United States
180.30.43.188,Japan
2.184.157.172,"Iran, Islamic Republic of"
88.117.30.205,Austria
94.191.240.137,Denmark
47.62.177.186,Spain
73.41.227.145,United States
59.124.81.253,"Taiwan, Province of China"
90.144.249.222,Sweden
68.200.71.60,United States
107.203.225.148,United States
201.79.53.133,Brazil
106.159.26.119,Japan
91.84.202.141,United Kingdom
77.52.90.159,Ukraine
69.196.169.106,Canada
24.27.101.60,United States
186.176.209.230,Costa Rica
216.10.236.248,United States
206.45.119.131,Canada
76.211.163.247,United States
71.175.210.122,United States
78.116.224.54,France
80.69.131.225,United Kingdom
125.165.138.22,Indonesia
138.219.151.88,Brazil
43.241.134.249,India
103.30.120.179,Australia
15.254.155.176,United States
153.178.98.160,Japan
213.113.224.20,Sweden
213.212.183.248,Italy
206.19.246.53,United States
97.203.162.155,United States
85.7.55.38,Switzerland
87.24.204.53,Italy
211.41.202.141,"Korea, Republic of"
172.6.10.6,United States
90.144.182.100,Sweden
98.151.111.17,United States
180.46.48.234,Japan
179.12.83.62,Colombia
96.254.36.247,United States
89.205.125.227,"Macedonia, The Former Yugoslav Republic of"
